{
  "gpt-4.1": 1293.1180124223602,
  "claude-3-5-sonnet-20241022": 1249.192546583851,
  "gemini-1.5-flash-8b": 1249.1527950310558,
  "swissai/apertus3-70b-4T-sft": 1180.183850931677,
  "swissai/apertus3-70b-iter_304250": 1175.4136645962733,
  "swissai/apertus3-70b-iter_90000": 1163.6869565217391,
  "swissai/apertus3-8b-6.3T-sft": 1146.8919254658385,
  "swissai/apertus3-8b-iter_90000": 1142.3602484472049
}