{
  "4.1-responses": 1293.1180124223602,
  "claude-responses": 1249.192546583851,
  "gemini-small-responses": 1249.1527950310558,
  "apertus3-70b-4T-sft-responses": 1180.183850931677,
  "apertus3-70b-iter_304250-responses": 1175.4136645962733,
  "apertus3-70b-iter_90000-responses": 1163.6869565217391,
  "apertus3-8b-6.3T-sft-responses": 1146.8919254658385,
  "apertus3-8b-iter_90000-responses": 1142.3602484472049
}